id;address;name;latitude;longitude;line;unit;number;street;postcode;suburb;status
1;models CFP Franc Human;Quality;76591;11851;hacking Home Loan Account secured line;networks experiences Sports;withdrawal;Jan Rapid;optical Customer;Cambridgeshire Pants;Inactive
2;Buckinghamshire;methodical;17366;97887;purple Kids bypass;microchip Awesome Wooden Table Tuna;generate Berkshire invoice;Lebsack Mountains;North Dakota solution Incredible;Applications circuit hacking;Pending
3;grow override Personal Loan Account;driver Alaska contextually-based;69935;4901;reboot National National;Soap Orchestrator;program Shoes optical;Dach Trail;Gardens USB;Quality-focused Neck;Inactive
4;bus;azure projection calculating;7315;57589;Technician solid state quantify;Gorgeous;generating parse;Jolie Lakes;Awesome clicks-and-mortar;Identity input payment;Active
5;Tasty Garden Identity;Tasty Ramp;18300;31195;deposit;Principal payment;fuchsia Lari Advanced;Camilla Run;Pizza;Grass-roots compelling;Active
6;invoice systematic Montana;Fully-configurable;5211;50583;regional Unbranded compelling;Haven Marketing;Gold;Ned Points;implement;invoice;Active
7;Licensed;navigate Practical;12462;95188;Tasty Plastic Salad Rustic Soft Tuna olive;Awesome Steel Table;Handcrafted Soft Shirt Checking Account;Jaida Mountain;Namibia;Keyboard;Pending
8;killer override;Incredible channels white;37724;48290;Barbados Dollar Sausages;methodologies local Intelligent Granite Gloves;24 hour cross-platform;Albin Mission;Kids Baby Industrial;USB El Salvador solid state;Inactive
9;Oklahoma wireless;Rupiah open-source;5909;57173;Multi-tiered;Ergonomic Russian Federation orchid;North Dakota;Keebler Field;Landing web-enabled THX;infomediaries open architecture North Dakota;Active
10;Unbranded Cotton Chips pixel primary;olive Vermont Syrian Pound;80542;6600;Unbranded program;Sleek connect hack;Borders;Kelsi Circles;compress Designer;application;Active
