id;name;expire_date;email;message;code;used_by
1;Beauty hacking navigating;2020-12-15T16:50:30;Frederick76@hotmail.com;../fake-data/blob/hipster.txt;bleeding-edge copy;65094
2;Hat integrate;2020-12-15T11:25:42;Josiah.DuBuque29@hotmail.com;../fake-data/blob/hipster.txt;Montana Iowa;72004
3;Fantastic Sports Som;2020-12-15T04:45:39;Leslie52@hotmail.com;../fake-data/blob/hipster.txt;Manager Boliviano Mvdol cultivate;88450
4;Human Massachusetts JBOD;2020-12-15T03:08:09;April58@yahoo.com;../fake-data/blob/hipster.txt;Handcrafted;79993
5;Lead copy;2020-12-15T21:08:47;Kailyn.Rippin0@hotmail.com;../fake-data/blob/hipster.txt;green protocol Rustic Rubber Chicken;82866
6;Automotive;2020-12-15T09:22:16;Reilly_Koelpin62@gmail.com;../fake-data/blob/hipster.txt;recontextualize synergy New York;98281
7;applications Table Metal;2020-12-15T13:19:56;Geoffrey68@yahoo.com;../fake-data/blob/hipster.txt;Ergonomic Frozen Pizza;45944
8;interface SMTP;2020-12-15T00:11:48;Shad61@gmail.com;../fake-data/blob/hipster.txt;Gorgeous;54862
9;District transmitter;2020-12-15T16:22:34;Daphne83@gmail.com;../fake-data/blob/hipster.txt;incentivize Corporate;84826
10;cross-platform;2020-12-15T07:08:08;Gillian62@yahoo.com;../fake-data/blob/hipster.txt;Wooden circuit payment;4968
