id;name;description;m4m_order;number_of_members
1;Automotive Mission User-friendly;Buckinghamshire Station;35918;94398
2;Kip leading edge;virtual copying;4601;17760
3;Customer;Investment Account Integration;13372;93121
4;deliverables Ball;invoice;90447;95089
5;North Carolina Handmade TCP;interface Ethiopia optimize;58499;92143
6;Handmade Concrete Chair transition Maine;Computers Cotton Drives;6513;58410
7;Islands Refined Steel Ball;withdrawal;78276;89020
8;Azerbaijanian Manat;client-driven Paradigm;67741;67444
9;Granite hack;Ball;84216;47758
10;Solutions;Bike Administrator;8369;86621
