id;email;facebook;free_period
1;Mae.Graham45@yahoo.com;Buckinghamshire Operations visualize;2020-12-15T08:28:26
2;Merl19@gmail.com;Web;2020-12-15T12:13:21
3;Name68@hotmail.com;Small Sausages Handcrafted Granite Car;2020-12-15T17:38:54
4;Mckayla_Grimes33@gmail.com;Fresh e-enable;2020-12-15T07:56:13
5;Elizabeth74@gmail.com;Bedfordshire;2020-12-15T13:35:14
6;Marge_Lind@yahoo.com;quantify Albania;2020-12-15T17:11:32
7;Alva4@hotmail.com;back-end Virginia;2020-12-15T16:13:46
8;Maribel14@hotmail.com;system Accounts;2020-12-15T17:10:29
9;Raheem32@gmail.com;Unbranded pixel Borders;2020-12-15T13:43:16
10;Sabina45@yahoo.com;quantifying;2020-12-15T02:17:58
