id;name;image_url;birthday;status
1;Movies Cotton;Way;2020-12-15T15:28:20;Inactive
2;teal;ADP;2020-12-15T21:14:52;Inactive
3;Alabama Legacy;indexing;2020-12-15T12:21:44;Active
4;Ergonomic discrete;Intranet synthesize payment;2020-12-15T09:31:16;Inactive
5;IB Refined;Ergonomic SAS;2020-12-15T15:29:20;Inactive
6;multi-byte Tools Incredible;withdrawal responsive GB;2020-12-15T21:47:51;Inactive
7;Pennsylvania;Unbranded;2020-12-15T14:52:28;Inactive
8;sky blue deposit;National;2020-12-15T03:44:18;Pending
9;index Multi-tiered;Road;2020-12-15T01:14:10;Inactive
10;Computers;Northern Mariana Islands;2020-12-14T23:45:14;Active
