id;id_type;name;expired;id_number;front_image;back_image;note;verifier;verified_date;verification_status
1;PASSPORT;synergize Bacon;Computers;Pizza Outdoors bandwidth;Kentucky Investment Account synthesize;Practical;Michigan Ergonomic explicit;challenge;2020-12-15T07:23:16;REJECTED
2;OTHER;Designer tangible;payment Customer empowering;grey wireless;Incredible Metal Shirt Wooden;Rustic Steel Gloves Paradigm Functionality;orchid;frame;2020-12-15T23:11:54;ADDED
3;PASSPORT;Avon;Practical Soft Salad invoice;Ergonomic Sleek Wooden Pizza Home Loan Account;paradigms sexy;world-class calculate Car;Plains next generation hacking;Soap;2020-12-15T08:47:57;ACCEPTED
4;PASSPORT;generating;revolutionize;B2C microchip;models;Sausages matrix;applications solid state;Gorgeous Rubber Soap;2020-12-15T12:04:28;ACCEPTED
5;OTHER;Ethiopian Birr;B2C Baby Supervisor;backing up facilitate Consultant;SAS Soft;Mayotte;generate;black Denmark web services;2020-12-15T09:55:54;REJECTED
6;PASSPORT;New Hampshire Turks and Caicos Islands;e-tailers;Designer COM;Zambia collaboration Monitored;invoice;Internal Investment Account;Saint Martin Rubber PCI;2020-12-15T15:21:16;ADDED
7;DRIVER_LICENSE;Mission Maine feed;Representative Agent;payment utilisation;Cedi Investment Account policy;non-volatile;transmitting aggregate;generating;2020-12-15T00:58:21;ACCEPTED
8;OTHER;web services bleeding-edge;Factors hard drive capacitor;USB monitor;Towels Plastic system;payment;Bedfordshire;Licensed synergies Auto Loan Account;2020-12-15T14:05:27;VERIFYING
9;OTHER;Colombian Peso Unidad de Valor Real HDD Architect;Summit;Principal Savings Account Oregon;Personal Loan Account Regional THX;FTP interfaces;Berkshire Customer generate;Cotton Implementation Buckinghamshire;2020-12-15T02:32:44;VERIFYING
10;OTHER;Liaison Investment Account sky blue;Savings Account Grass-roots quantify;Identity;Savings Account;backing up Paradigm;Communications;scale silver;2020-12-15T03:19:12;REJECTED
