id;first_name;other_name;family_name;birthday;check_number;front_image;back_image;note;verifier;verified_date;verification_status
1;Jaren;holistic synergy;driver Music New York;2020-12-15T11:04:23;Supervisor;Home;Computer;vertical Berkshire deposit;Nebraska Stand-alone;2020-12-15T17:00:10;ACCEPTED
2;Marianna;ADP Tunnel firewall;Beauty;2020-12-15T16:13:39;Intelligent Rubber Shoes;project open-source;Shoes;Gorgeous relationships Avon;Borders Home Loan Account Savings Account;2020-12-15T06:56:24;VERIFYING
3;Dewayne;vortals Supervisor Fresh;Brand Automated;2020-12-15T16:38:33;Generic Steel Towels;Maine Operations neural;Analyst calculating;Walks;transform;2020-12-15T00:23:35;REJECTED
4;Emmitt;Handmade Internal;Montana;2020-12-15T04:47:54;Union SMTP;scale Investor withdrawal;24/7;Key;Books Handmade solid state;2020-12-15T03:49:03;REJECTED
5;Jody;Georgia compelling;out-of-the-box Pennsylvania SDD;2020-12-15T04:29:37;Cambridgeshire;Ethiopian Birr Lithuania Mouse;vertical;matrix parse;frictionless Pike;2020-12-15T22:53:14;VERIFYING
6;Letha;Frozen Concrete monitoring;driver;2020-12-15T14:19:20;Cambridgeshire;deliverables program Program;Research 1080p recontextualize;JBOD Ball;connect Handmade dot-com;2020-12-15T23:14:23;VERIFYING
7;Morton;array mint green even-keeled;Shoes generate Ball;2020-12-15T21:27:41;1080p array;Legacy silver;Burgs capacity;Cotton Iraq reintermediate;tan Kwacha dynamic;2020-12-15T03:11:43;ADDED
8;Camila;Kentucky;New Mexico Group;2020-12-15T23:16:33;Borders;incremental Rustic Persevering;Secured;Intranet;Colorado;2020-12-15T20:36:26;VERIFYING
9;Nia;Senior Sleek;alarm;2020-12-15T09:40:14;bricks-and-clicks Handcrafted utilize;XSS;Jewelery iterate Inverse;payment Credit Card Account;Configuration Rustic Corporate;2020-12-15T10:23:35;VERIFYING
10;Yasmeen;Ergonomic Mouse;back-end payment;2020-12-15T20:29:07;interface Connecticut Rustic Plastic Chips;International HTTP;Plastic;Fresh Human deliver;Fort Ergonomic Missouri;2020-12-15T12:53:11;ACCEPTED
